EAN,Descripcion,Categoria,Precio_Compra,Variacion_Precio_Porc,Cantidad_Recibida,Dias_Reposicion,Error_OCR
6000001059032,SALCHICHON PALADINI TRIPLE KG.,Helados,9064.29,5.74,31,20,0
7798115941181,FIDEOS ESTRELLA DEL PAR.LARGOS SPAG,Almacén,659.26,4.15,39,7,0
7891150014800,SHAMPOO CLEAR MEN 400CC CAIDA CONTR,Cuidado Capilar,6786.26,6.12,11,3,0
7790310001011,MINI TOSTADITAS TWISTOS JAMON 155G.,Snacks,3285.71,8.31,42,18,0
7790040725003,GALLETITAS ARCOR SERRANITAS 105 GRS,Almacén,437.04,3.91,38,10,0
7790142000114,ALIMENTO TIERNITOS CARNE 1.5KG.,Mascotas,3303.7,3.91,27,7,0
7791293021881,SHAMPOO SEDAL 650ML CREMA BALANCE,Cuidado Capilar,6045.19,8.45,26,17,0
78923355,DESODORANTE REXONA R.ON FEM NUTRITI,Higiene Corporal,2131.44,6.42,11,14,0
7790070408044,TORTA EXQUISITA CHIPS CHOCOLATE 500,Almacén,2777.78,3.33,11,3,1
7791293030883,SHAMPOO SEDAL 340ML RIZOS DEFINIDOS,Cuidado Capilar,3764.44,20.0,9,12,0
7790142000121,ALIMENTO TIERNITOS CARNE 3KG.,Mascotas,6362.96,3.34,35,13,1
7791293030777,SHAMPOO SEDAL 340ML CERAMIDAS,Cuidado Capilar,3764.44,3.34,16,2,0
7790580106393,JUGO ARCOR CAJA 18U. NARANJA DURAZN,Bebidas sin alcohol,4923.08,5.1,35,3,0
7790060043019,ARROZ LUCCHETTI PARBOIL 1KG. BOLSA,Almacén,1370.37,-0.28,36,5,0
78914407,DESODORANTE DOVE R.ON ORIGINAL 50ML,Higiene Corporal,2496.41,0.19,29,11,0
7794820000885,DULCE DE LECHE MILKAUT 1 KG.,Golosinas,6442.86,3.09,14,8,0
7798115940245,FIDEOS ESTRELLA DEL PAR.MOSTACHO500,Almacén,659.26,1.97,8,12,0
7790070317711,FIDEOS FAVORITA 500G.MOSTACHOL ,Almacén,622.22,5.29,36,7,0
7790895640018,BEBIDA POWERADE 500CC.MANZANA,Bebidas sin alcohol,1538.46,2.23,45,15,0
7891150014251,SHAMPOO CLEAR MEN 200CC DUAL EFFECT,Cuidado Capilar,3963.89,0.97,42,17,1
7790407490407,CHOCOLATE COFLER AIR.55G. BLANCO ,Golosinas,2635.71,8.16,41,4,0
7501056340124,CREMA P/PEINAR SEDAL 300ML CERAMIDA,Cuidado Capilar,4040.52,3.94,29,13,0
7790580984311,JUGO CAMPAGNOLA BC MANGO/NAR. 7G,Almacén,274.07,4.67,36,18,0
7790580311315,CARAMELOS MOGUL 1KG. CONITOS FRUTAL,Golosinas,9321.43,0.94,11,1,0
7792798006199,CERVEZA STELLA ARTOIS 975 C.C.,Bebidas con alcohol,3192.31,3.14,7,16,0
7891000108819,CAFE INSTANT.NESCAFE CLAS.170G,Almacén,10466.67,4.78,25,13,0
7790070410108,VITINA NUTRI-VIT PLUS ESPINACA 250G,Almacén,1370.37,1.62,33,10,0
7794820000601,MANTECA MILKAUT 200 GRS.,Golosinas,3021.43,5.44,16,12,0
7790580501204,DULCE BATATA ARCOR 5 KG.,Almacén,13074.07,3.0,9,2,0
7790070408570,POSTRE EXQUISITA DULCE DE LECHE 80G,Almacén,725.93,3.77,20,3,0
7891150017368,SHAMPOO DOVE 400ML OLEO NUTRICION,Higiene Corporal,6248.07,20.0,11,10,1
6000001039782,BASTONCITOS DE MERLUZA KG.,Helados,332.14,9.13,35,2,0
7798031150582,FIDEOS KNORR SPAGHETTI 500G.,Almacén,1074.07,4.47,43,13,0
7796989000898,PAN BIMBO HAMBURGUESAS 4 UNID.,Almacén,2651.85,1.86,7,13,0
7790580300005,BOMBONES BON O BON 30 U.LECHE,Golosinas,12142.86,6.56,20,18,0
7798031154467,FIDEOS CICA TIRABUZON 500G.,Almacén,844.44,1.45,16,3,0
7797453000437,ALIMENTO WHISKAS POUCH PAVO 85G,Mascotas,962.96,5.02,13,7,0
7790060070626,BIZCOCHUELO EXQUISITA COCO 540   ,Almacén,2296.3,-0.4,31,14,0
7790070507105,YERBA CRUZ DE MALTA 1KG. ECOPACK,Infusiones,3014.81,1.18,10,20,0
7790070410610,ARROZ LUCCHETTI LARGO FINO 500G.,Almacén,644.44,4.99,11,17,0
7793360000485,PURE TOMATE CAMPAGNOLA 530G.   ,Almacén,955.56,6.35,31,12,0
7791293030661,ACONDICIONADOR SEDAL 190ML CERAMIDA,Cuidado Capilar,2520.3,4.93,9,16,0
7798141510528,KANIKAMA EPUYEN 300G.,Helados,1937.86,4.21,24,12,0
78926523,DESODORANTE REXONA ROOL-ON 0% ACTIV,Higiene Corporal,2131.44,3.75,25,15,0
7791564012488,QUESO ADLER JAMON 100 GRS.,Golosinas,2057.14,0.8,38,10,0
78923454,DESODORANTE REXONA R.ON MEN V8,Higiene Corporal,2131.44,2.7,25,7,0
7792799000059,AGUA MINERAL ECO D.L.ANDES 1.5   ,Bebidas sin alcohol,1307.69,3.35,17,20,0
7791249420874,POSTRE MANTECOL 400 G.,Golosinas,325.0,7.14,6,5,0
7793360475108,JUGO LA CAMPAGNOLA BC MANZAN 1 LTS.,Almacén,1748.15,5.36,31,1,0
7622300724283,FIDEOS TERRABUSI 100A/OS AVE MARIA ,Almacén,807.41,0.09,19,17,0
7613035161603,DOLCA MIX DP.125G. LATTE,Infusiones,2600.0,5.31,43,3,0
7790580956608,SALSA ARCOR D.PACK ITALIANA 340G,Almacén,977.78,3.54,42,13,0
6000001024832,MATAMBRE ARROLLADO PALADINI KG.,Helados,30592.86,2.81,16,14,0
7790580511401,MERMELADA ARCOR LIGHT DAMAS. 390GRS,Almacén,2681.48,6.03,41,18,0
7798115940542,FIDEOS ESTRELLA DEL PAR.DEDAL ME500,Almacén,659.26,7.08,18,4,0
7792860001053,TURRON DE MANI LHERITIER C/FRUTA100,Golosinas,764.29,6.83,48,18,0
7790070225580,ACEITE DE OLIVA COCINERO E.VIRGEN25,Almacén,4711.11,2.4,8,5,0
7791293028781,COLONIA DES.AXE BLACK 97G,Higiene Corporal,3181.41,3.73,38,16,0
7790580471309,CARAMELOS ARCOR RELLENOS FRUTALE810,Golosinas,7500.0,5.33,11,1,0
7790580980900,POROTOS ALUBIA ARCOR SEC.REM.300G,Almacén,1170.37,6.94,15,14,0
7791880000442,ARROZ GALLO ORO 5 KG.,Almacén,7044.44,3.3,10,15,0
7790580242015,CHOCOLATE COFLER 55G. C/ROCKLETS ,Golosinas,2350.0,4.04,28,9,0
7790580214104,CARAMELOS ARCOR RODAJAS 930G.,Golosinas,10842.86,1.73,15,15,0
7790040929609,GALLETITAS BAGLEY SURTIDO 400 GRS.,Galletas,2321.43,1.51,7,17,0
7790070318343,FIDEOS LUCCHETTI CODITOS 500 GRS,Almacén,970.37,6.53,18,4,0
7790040938908,GALLETITAS BAGLEY REX ORIGINAL 125G,Galletas,1571.43,7.89,45,12,0
7790070411822,ARROZ LUCCHETTI PARBOLILED 500G.,Almacén,718.52,4.32,7,5,0
78927254,DESODORANTE DOVE R.ON MEN CUID.TOTA,Higiene Corporal,2496.41,7.01,25,5,0
7796989005305,PAN BIMBO P/PANCHOS 6 UNID,Almacén,2651.85,20.0,6,11,0
7794000597648,CALDOS KNORR 6U GALLINA,Almacén,1014.81,2.89,42,6,0
7792860016217,CHUPETIN BABY DOLL 4U. ,Golosinas,585.71,5.4,14,7,1
7790078000011,FIDEOS DON VICENTE TALLARIN 500 GRS,Almacén,2207.41,8.35,22,14,0
7797453971171,ALIMENTO WHISKAS POLLO 500G.,Mascotas,2933.33,4.41,14,11,0
7790070318640,FIDEOS MATARAZZO SPAGHETTI Nº7 500G,Almacén,1200.0,20.0,16,13,0
7794000957602,ADEREZO SAVORA ORIGINAL DP.60G,Almacén,511.11,-2.05,20,2,0
7791880000145,ARROZ GALLO LARGO FINO 1 KG.     ,Almacén,1481.48,6.55,29,7,0
7792860007963,CARAMELOS PICO DULCE MASTICAB.150G,Golosinas,1357.14,20.0,43,20,0
7501059235045,COFFEE-MATE ORIGINAL 170G.,Almacén,4029.63,3.75,40,4,0
7790895640469,AGUA SAB.AQUARIUS 500CC.POMELO,Bebidas sin alcohol,1300.0,4.73,35,8,0
7790070411877,ARROZ GALLO LARGO FINO 500G.,Almacén,785.19,-0.47,36,20,0
7793360246609,JUGO BC LA CAMPAGNOLA NARANJA 200CC,Almacén,466.67,3.95,10,19,0
79400300546,DESODORANTE REXONA CL.MEN STICK SPO,Higiene Corporal,9164.96,5.39,19,13,0
7790070318398,FIDEOS LUCCHETTI DEDALITOS 500GRS,Almacén,970.37,8.19,16,14,0
7898422746827,JABON TOCADOR DOVE 90G.EXFOLIACION,Higiene Corporal,1774.15,3.2,14,10,0
7790580511609,MERMELADA ARCOR LIGHT NARAN.390GRS,Almacén,2681.48,20.0,39,11,0
7622300724160,FIDEOS TERRABUSI SPAGHETTI Nº3 500G,Almacén,703.7,3.25,17,2,0
7790580103538,CHOCOLATE COFLER 55G. CHOCOLINAS ,Golosinas,2350.0,6.79,40,9,0
77905321,FIDEOS DON FELIPE TALLARIN 500 G  ,Almacén,1555.56,5.32,40,17,0
7790380037767,ALMENDRAS C/CHOCO.GEORGALOS 80G.,Golosinas,1945.0,3.18,6,3,0
7790040377806,GALLETITAS BAGLEY CRIOLLITAS 300GRS,Galletas,965.71,5.78,45,6,0
7798039870062,ALIMENTO A BASE DE QUESO REGGIO 40G,Almacén,383.7,4.74,27,5,0
7792798005888,CERVEZA BRAHMA 473ML,Bebidas con alcohol,1615.38,6.92,34,5,0
7798115941198,FIDEOS ESTRELLA DEL PAR.PL SPAGHETT,Almacén,659.26,2.74,13,15,0
7790895641220,"AGUA SAB.AQUARIUS 1,500CC.UVA",Bebidas sin alcohol,1840.0,3.68,16,17,0
7790580263102,CARAMELOS MOGUL 500G. DIENTES ,Golosinas,5700.0,3.52,46,9,0
7791293031125,SHAMPOO SEDAL 650ML REST.INSTANTANE,Cuidado Capilar,6045.19,0.84,42,3,0
7791293004983,ACONDICIONADOR DOVE 400ML HIDRATACI,Higiene Corporal,6248.07,5.24,19,20,0
7791293008141,DESODORANTE DOVE FEM.ORIGINAL 87G,Higiene Corporal,3164.44,5.15,35,17,0
7793360816505,MERMELADA CAMPAGNOLA BC DAMASCO 390,Almacén,3037.04,4.51,40,10,0
7791293022437,COLONIA DES.AXE MARINE 97G,Higiene Corporal,3181.41,3.91,26,3,1
7791293030647,SHAMPOO SEDAL 190ML RIZOS DEFINIDOS,Cuidado Capilar,2520.3,0.96,42,18,0
7790580344207,CARAMELOS ARCOR VIENA 470 GRS.,Golosinas,3642.86,3.45,10,18,0
7795907000422,FIDEOS LUCCHETTI NIDOS FETUCCINE500,Almacén,1562.96,3.64,24,17,0
7792798007400,CERVEZA QUILMES STOUT 1L.,Bebidas con alcohol,2576.92,2.49,19,3,1
7790070317735,FIDEOS FAVORITA 500G. CODITO ,Almacén,622.22,20.0,31,3,0
7792170042067,BEBIDA GATORADE 500CC COOL BLUE,Bebidas sin alcohol,1292.31,5.51,9,6,0
7790580109882,CHOCOLATE AGUILA 150G. EXTRA FINO 6,Golosinas,7357.14,9.22,30,13,0
7790040569706,GALLETITAS ARCOR HOGARE/AS 7 SEM189,Almacén,1096.3,4.94,47,15,1
7790070411556,REBOZADOR PREFERIDO 1 KG.        ,Almacén,2340.74,5.14,30,9,0
7791293005010,SHAMPOO DOVE 400ML RECONS. COMPLET,Higiene Corporal,6248.07,4.31,23,4,0
7793360812101,MERMELADA CAMPAGNOLA BC FRUT.390GRS,Almacén,3777.78,-0.3,45,14,0
77901651,CHICLES BELDENT 10G. FRUTILLA ,Golosinas,607.14,4.43,13,5,0
7790895640452,AGUA SAB.AQUARIUS 500CC.MANZANA,Bebidas sin alcohol,1300.0,4.65,44,2,0
7790044005583,JUGO DE LIMON MINERVA 500 CC.    ,Almacén,1903.7,10.66,45,11,0
7790580300104,BOMBONES BON O BON 30 U.BLANCO,Golosinas,12142.86,4.02,19,9,0
6000001055072,MORTADELA PALADINI KG.         ,Helados,10785.71,5.25,37,3,0
7797453971058,ALIMENTO WHISKAS CARNE 500G.,Mascotas,2933.33,4.41,43,9,0
7501059240605,COFFEE-MATE NESTLE LITE 170G.,Almacén,4029.63,1.58,38,3,0
7790580434007,HUEVO PASCUA BON O BON BCO. 110GRS,Golosinas,11071.43,7.36,28,2,0
77903518,GALLETITAS BAGLEY OPERA 92 GRS.,Galletas,892.86,6.38,20,12,1
7793360386404,CARAMELOS BC SURTIDOS 420G,Golosinas,11742.86,6.48,38,10,0
7501056326142,CREMA PONDS S HUMECTANTE NUTRI.100G,Higiene Corporal,3258.81,2.23,30,9,0
7790040110380,JUGO LA CAMPAGNOLA BC 500ML NARANJA,Almacén,859.26,8.01,22,15,0
7790580178208,CARAMELOS ARCOR MASTIC.FRUTA 800G,Golosinas,7214.29,1.0,38,8,0
7791293010595,ACONDICIONADOR SEDAL 650ML CREMA B,Cuidado Capilar,6045.19,20.0,7,5,0
7793360811401,MERMELADA CAMPAGNOLA BC DURAZ.390GR,Almacén,3037.04,9.98,19,11,0
7790040534506,GALLETITAS ARCOR FORMIS BLACK 102GR,Almacén,948.15,2.02,45,2,0
7791293020280,COLONIA DES.AXE APOLLO 97G,Higiene Corporal,3181.41,3.08,45,15,0
7798141510030,RODAJAS DE PATI EPUYEN 700G.,Helados,1142.86,4.75,44,6,0
7898024395331,BOMBONES FERRERO ROCHER 24UNID.,Golosinas,28371.43,3.24,11,8,0
7792170110704,"BEBIDA GATORADE 1,250CC COOL BLUE",Bebidas sin alcohol,2576.92,0.62,11,5,0
7790580402907,ALIMENTO CHOCOLATE ARCOA 360 G   ,Golosinas,2528.57,4.67,8,16,1
7792860004542,CHUPETIN LHERITIER PICO DULCE 5 UN.,Golosinas,978.57,1.84,12,18,1
7793360004155,MERMELADA CAMPAGNOLA DAMAS.454   ,Almacén,2940.74,5.68,13,6,1
7791813421368,GASEOSA PASO LOS TOROS TONICA 1.5LT,Bebidas sin alcohol,1346.15,2.2,47,5,0
79400052919,DESODORANTE REXONA CL.MEN STICK CLE,Higiene Corporal,9164.96,8.37,20,16,0
7790079019616,CONG.HAMBURGUESAS PALADINI FIN.114 ,Helados,1985.71,2.54,34,13,0
7791293030937,ACONDICIONADOR SEDAL 340ML CERAMIDA,Cuidado Capilar,3764.44,3.69,38,5,0
7793360004308,MERMELADA CAMPAGNOLA FRUTI.454   ,Almacén,3629.63,6.53,35,13,0
7792860007666,GARRAPI/ADAS DE MANI LHERITIER 80G.,Golosinas,492.86,1.42,44,17,0
7793360475207,JUGO LA CAMPAGNOLA BC MULTIFRUTA 1L,Almacén,1748.15,5.07,32,18,0
7797453000420,ALIMENTO WHISKAS POUCH CARNE 85G.,Mascotas,962.96,7.77,41,8,0
7798115940030,FIDEOS ESTRELLA DEL PAR.CINTA 5 500,Almacén,1000.0,0.48,34,13,0
7791293041223,FIJADOR LORD CHESELINE 150 C.C.,Bebidas sin alcohol,2711.0,4.96,43,19,0
7794000957633,ADEREZO SAVORA ORIGINAL DP. 500G,Almacén,1925.93,5.15,38,3,0
7791293031989,JABON TOCADOR REXONA 3X125G. SENSIB,Higiene Corporal,2770.74,6.45,42,8,0
7790580511500,MERMELADA ARCOR LIGHT CIR.390GRS ,Almacén,2681.48,1.41,32,2,1
7790156000056,LECHE DE SOJA ADES MANZANA 1 L   ,Bebidas sin alcohol,2500.0,1.2,38,8,0
7790070317674,FIDEOS FAVORITA 500G. TALLARIN ,Almacén,622.22,5.8,9,13,0
7790580509606,MERMELADA ARCOR FRUTILLA 454 G   ,Almacén,3251.85,5.24,27,13,0
7790230033031,FIDEOS MATARAZZO MOÑO MED.500G   ,Almacén,1881.48,5.13,7,1,0
7790070316295,FIDEOS MATARAZZO PENNE RIGA. Nº48 5,Almacén,1200.0,5.37,15,6,0
7790580106430,JUGO ARCOR CAJA 18U. NARANJA DULCE,Bebidas sin alcohol,4923.08,2.8,10,19,1
7790070016003,GELATINA EXQUISITA LIGHT CEREZA 25,Almacén,740.74,5.08,15,16,0
7791293995755,COLONIA DES.AXE DARK TEMPTATION 97G,Higiene Corporal,3181.41,5.23,38,8,0
7790070317698,FIDEOS FAVORITA 500G. SPAGHETTI ,Almacén,622.22,20.0,43,1,0
7790070320841,FIDEOS MATARAZZO INT. TIRAB. Nº34 5,Almacén,1392.59,9.16,18,16,0
7794000595507,SABOR AL HORNO KNORR POLLO LIM/ORE,Almacén,2051.85,5.68,36,9,0
7791293030760,SHAMPOO SEDAL 340ML CASPA,Cuidado Capilar,3764.44,1.52,41,13,0
7790580427009,CONEJO BON O BON BCO. 110 GR.,Golosinas,8928.57,6.14,29,11,0
7791293021768,SHAMPOO SEDAL 300ML DP CERAMIDAS,Cuidado Capilar,2575.48,2.06,20,13,0
7791293030630,SHAMPOO SEDAL 190ML RESTAURACION IN,Cuidado Capilar,2520.3,6.47,34,10,0
7794820000304,QUESO MILKAUT RALLADO 40 GRS.,Golosinas,1350.0,7.4,13,4,0
7790895005794,GASEOSA COCA COLA 2.500 CC.,Bebidas sin alcohol,4284.62,2.45,10,6,0
7790070318367,FIDEOS LUCCHETTI CABELLOS ANGEL 500,Almacén,1562.96,6.91,34,7,0
7790070015990,GELATINA EXQUISITA LIGHT FRUTILLA25,Almacén,740.74,5.53,9,5,0
7791290010079,LIQUIDO P/ROPA SKIP 3LT.DP.,Limpieza,10074.07,6.56,17,11,0
7790060070541,BIZCOCHUELO EXQUISITA VAIN.540   ,Almacén,2296.3,9.24,7,13,0
7790040995406,BUDIN BAGLEY C/FRUTAS  PREMIUM 215G,Golosinas,2678.57,3.89,32,19,0
7790079000317,SALCHICHAS FELA 6 UN.            ,Helados,1214.29,2.62,36,10,0
7790407031075,CHOCOLATE AGUILA 100G. BLANCO   ,Golosinas,4092.86,2.28,41,10,0
7791293025537,DESODORANTE REXONA MEN 89G.ANTIBACT,Higiene Corporal,3313.22,2.46,41,11,0
7791293022581,DESODORANTE REXONA MEN 89G.EXTRACOO,Higiene Corporal,3313.22,4.31,31,7,0
7891150017337,ACONDICIONADOR DOVE 400ML OLEO NUT,Higiene Corporal,6248.07,5.35,48,18,0
7790895641183,BEBIDA POWERADE 500CC.FR.TROP.,Bebidas sin alcohol,1538.46,5.19,32,4,0
7791290007260,LIMPIADOR CIF PISOS OXI GEL 750CC,Limpieza,3385.19,6.57,10,2,0
7798141512065,FILET DE TARARIRA EPUYEN 1KG.,Helados,3875.71,4.53,25,14,0
7794000592506,PURE DE PAPAS KNORR 125G,Almacén,1792.59,8.13,16,13,1
7622300724221,FIDEOS TERRABUSI 100A/OS MO/OS 500G,Almacén,1355.56,3.84,15,12,0
7790895006111,GASEOSA SPRITE 1.250 LT.RETORNABLE,Bebidas sin alcohol,2153.85,11.3,45,7,0
7791290007901,SUAVIZANTE VIVERE CLASICO 900CC,Limpieza,2103.7,6.06,43,2,0
77905291,CARAMELOS HALLS MIEL C/MENTA 28G,Golosinas,635.71,2.36,11,13,0
7796989008542,PAN BIMBO ARTESANO 500G.,Almacén,5237.04,1.82,13,14,0
7790895640445,AGUA SAB.AQUARIUS 500CC.PERA,Bebidas sin alcohol,1300.0,5.71,28,17,0
7790895641213,AGUA SAB.AQUARIUS 500CC.NARANJA,Bebidas sin alcohol,1300.0,3.94,31,9,0
7791880000411,ARROZ GALLO ORO 500 GRS.,Almacén,866.67,6.29,48,17,1
77934000,CHICLES BELDENT 10G. MENTA FUERTE ,Golosinas,607.14,5.68,17,8,0
7790580716707,GALLETITAS SALADIX JAMON 100 G   ,Snacks,1128.57,4.32,31,2,0
7791564012525,QUESO ADLER SALAME 100 G.,Golosinas,2057.14,2.38,18,13,0
7790070936493,ARLISTAN INSTANTANEO 100G.,Infusiones,3377.78,0.71,45,3,0
7791293030654,ACONDICIONADOR SEDAL 190ML CREMA BA,Cuidado Capilar,2520.3,3.38,23,16,0
7790070318336,FIDEOS LUCCHETTI MOSTACHOL Nº52 500,Almacén,970.37,6.64,30,6,0
7790079001031,MORTADELA PALADINI 300G.,Helados,3278.57,5.04,38,19,0
79400052926,DESODORANTE REXONA CL.FEM STICK CLA,Higiene Corporal,9165.11,1.39,45,7,0
77923424,DESODORANTE REXONA ODORONO 60 GRS,Higiene Corporal,1757.93,20.0,48,10,0
7790895000430,GASEOSA COCA COLA 1.5 LITRO      ,Bebidas sin alcohol,2307.69,5.46,17,9,0
7790070410092,VITINA NUTRI-VIT PLUS CLASICA 250G.,Almacén,1162.96,2.29,41,2,0
7794820014608,DULCE DE LECHE MILKAUT 400 GRS.,Golosinas,2450.0,4.88,9,15,0
7790040100336,GALLETITAS BAGLEY REX TUBO 75GRS,Galletas,550.0,4.65,10,5,1
7790407031273,CHOCOLATE AGUILA 150G. FAMILIAR ,Golosinas,5271.43,1.64,42,4,0
7791813420118,GASEOSA PEPSI 500 C.C.,Bebidas sin alcohol,684.62,5.39,13,20,0
7790895000454,GASEOSA FANTA NARANJA 1.5 LTS.,Bebidas sin alcohol,2884.62,5.9,47,4,0
7792170110568,"BEBIDA GATORADE 1,250CC FR.TROP",Bebidas sin alcohol,2576.92,7.21,33,18,0
7791813421115,GASEOSA PEPSI 1.5 LTS.,Bebidas sin alcohol,1326.92,7.13,36,4,0
7790070318299,FIDEOS LUCCHETTI TALLARIN Nº5 500GR,Almacén,970.37,1.06,14,17,0
7791813421528,GASEOSA SEVEN UP 1.5 LTS.,Bebidas sin alcohol,1326.92,2.16,34,12,0
7790407031471,BAÑO REPOSTERIA AGUILA BLANCO 150,Golosinas,2514.29,5.79,19,17,0
7791293010731,ACONDICIONADOR SEDAL 650ML CERAMID,Cuidado Capilar,6045.19,5.78,45,10,0
7791293010717,ACONDICIONADOR SEDAL 300ML DP CERAM,Cuidado Capilar,2575.48,5.79,46,1,0
7790040711105,GALLETITAS ARCOR DIVERSION 400 GRS.,Almacén,1962.96,14.13,27,18,0
7790078000028,FIDEOS DON VICENTE FETTUCCINI 500GR,Almacén,2207.41,5.93,16,18,0
7613035161566,DOLCA MIX DP.125G. CORTADO,Infusiones,2600.0,7.34,28,14,0
7790895001000,GASEOSA SPRITE 2.250 CC,Bebidas sin alcohol,3846.15,6.89,6,15,0
7798115940399,FIDEOS ESTRELLA DEL PAR.FUSI.TRI500,Almacén,725.93,6.13,42,12,0
7790580504410,DULCE BATATA ARCOR 500G ESTUCHE,Almacén,1740.74,3.71,26,4,0
7622300835194,CARAMELOS CLIGHT FRAMBUESA 20G.,Golosinas,750.0,6.4,31,3,0
7798115940269,FIDEOS ESTRELLA DEL PAR.CARACOL 500,Almacén,659.26,2.57,41,20,0
7792799000639,AGUA MINERAL ECO ONE 1L C/PICO,Bebidas sin alcohol,1346.15,3.91,28,12,0
7790040494206,GALLETITAS ARCOR HOGAREÑAS 7 SEM.56,Almacén,2925.93,3.29,6,7,0
7790070408181,POSTRE EXQUISITA LIGHT CHOCOLATE 65,Almacén,970.37,4.7,45,11,0
7791293029887,ACONDICIONADOR DOVE 750ML OLEO NUTR,Higiene Corporal,9739.19,10.29,20,1,0
7791293031026,ACONDICIONADOR SEDAL 340ML RIZOS DE,Cuidado Capilar,3764.44,-0.17,26,6,0
7790078000059,FIDEOS DON VICENTE MOÑOS 500 GRS.,Almacén,2940.74,6.22,14,15,0
7898422746063,CREMA P/PEINAR SEDAL 300ML LISO PER,Cuidado Capilar,4040.52,0.47,14,15,0
7790580956400,SALSA ARCOR D.PACK PORTUGUESA  340G,Almacén,977.78,3.32,15,19,0
7790580567903,TOMATE NATURAL ARCOR 240 GRS.,Almacén,1111.11,7.22,31,11,0
7790580509507,MERMELADA ARCOR DURAZNO 454 GRS,Almacén,2459.26,4.66,46,2,0
7792170110575,"BEBIDA GATORADE 1,250CC MANZANA",Bebidas sin alcohol,2576.92,1.81,40,14,0
7798031154146,FIDEOS KNORR MO/OS 500G.,Almacén,1451.85,2.71,30,2,0
7790070311412,FIDEOS MATARAZZO 3V.TIRABUZON Nº34 ,Almacén,1392.59,6.2,31,4,0
7791290000698,LAVAVAJILLAS ALA ULTRA 300CC.POMELO,Limpieza,1311.11,2.67,16,17,0
7798031154221,FIDEOS KNORR MOSTACHOL 500G.,Almacén,1074.07,5.04,43,3,0
7792860008168,CHUPETIN LHERITIER FUTBOL BOCA 24U,Golosinas,3485.71,4.61,7,13,0
7790580255510,CHOCOLATE COFLER BLOCK 170G C/MANI ,Golosinas,5735.71,2.87,12,9,0
7798031154122,FIDEOS KNORR RIGATTI 500G.,Almacén,1074.07,9.86,23,7,0
7790895006104,BEBIDA POWERADE 995ML FRUTAS TROPIC,Bebidas sin alcohol,2538.46,6.08,32,15,0
7798031154474,FIDEOS CICA MOSTACHOL 500G.,Almacén,659.26,-0.56,39,11,0
7790230040022,FIDEOS MATARAZZO CAB.ANGEL 500   ,Almacén,1881.48,4.97,32,20,0
7622300724368,FIDEOS TERRABUSI 100A/OS TALLARI.50,Almacén,703.7,2.85,22,2,0
7793360927904,SALSATI LA CAMPAGNOLA FILETTO DP340,Almacén,1177.78,6.63,48,15,0
7794000957626,ADEREZO SAVORA ORIGINAL DP. 250G.,Almacén,1103.7,2.52,29,14,0
7790580106560,CHOCOLATE COFLER 55G. TRES PLACER,Golosinas,2350.0,4.21,30,20,0
7793360004209,MERMELADA CAMPAGNOLA DURAZNO 454 GR,Almacén,2940.74,5.76,12,11,0
7790078000080,FIDEOS DON VICENTE TIRABUZON 500GRS,Almacén,2207.41,6.66,11,3,0
7790580105945,CHOCOLATE COFLER 100G. CHOCOLINAS,Golosinas,2685.71,1.5,29,17,0
7790070318855,FIDEOS LUCCHETTI MUNICIONES 500G.,Almacén,970.37,3.66,38,12,0
7792860008830,CARAMELOS PICO DULCE ANIMALS 500G.,Golosinas,4442.86,3.31,34,15,0
7790070408310,ARROZ LUCCHETTI LARGO FINO 1 KG.,Almacén,1185.19,2.87,48,16,0
7791290011526,LIQUIDO P/ROPA SKIP 800CC.DP,Limpieza,2881.48,8.91,27,5,0
7791293030555,SHAMPOO SEDAL 190ML CERAMIDAS,Cuidado Capilar,2520.3,5.51,31,20,0
7790895640032,BEBIDA POWERADE 500CC.NARANJA,Bebidas sin alcohol,1538.46,1.35,33,6,0
7794820015001,QUESO MILKAUT UNTABLE ROQUEFORT 190,Golosinas,2021.43,6.79,26,19,0
7791880000541,ARROZ GALLO INTEGRAL 1KG. EST      ,Almacén,1777.78,9.81,12,5,0
7790070318619,FIDEOS MATARAZZO CODITO 500 G.   ,Almacén,1200.0,7.08,22,3,0
7790580538002,HARINA MAIZ PRESTOPRONTA 730 GRS.,Almacén,1740.74,0.7,25,1,0
7793360004810,MERMELADA CAMPAGNOLA BC CI.390   ,Almacén,3037.04,3.29,46,6,0
77949035,CHOCOLATE COFLER AIR.30G. BLANCO,Golosinas,1357.14,7.67,25,15,0
78009226,DESODORANTE DOVE STICK FEM.ORIGINAL,Higiene Corporal,4832.48,2.73,27,2,0
7792170042012,BEBIDA GATORADE 500CC NARANJA,Bebidas sin alcohol,1292.31,5.61,33,3,0
6000001016912,POLLO ARROLLADO PALADINI KG. ,Helados,24628.57,6.44,45,17,0
7613035068414,CAFE INSTANT.DOLCA SUAVE 50G ,Infusiones,2948.15,2.18,12,12,0
7794820004159,LECHE CHOCOLATADA MILKAUT 200 C.C.,Golosinas,828.57,4.35,6,18,0
7796989008740,PAN BIMBO HAMBURG.ARTESANO 240G.,Almacén,3222.22,-3.6,37,15,0
7791293074559,DESODORANTE PATRICHS 97G.AVIATOR,Higiene Corporal,2764.7,1.94,18,12,0
7790060023684,ACEITE DE GIRASOL COCINERO 1.5 LT,Almacén,4540.74,3.87,35,16,0
7790070410115,VITINA NITRI-VIT PLUS VEGETALES 250,Almacén,1400.0,1.38,28,8,0
7891150026025,DOVE BABY JABON TOCADOR 75GR.HUM,Higiene Corporal,1578.22,8.58,24,14,0
7790060012077,HARINA FAVORITA 0000 1 KG.       ,Almacén,925.93,0.92,37,17,0
7790044005576,JUGO DE LIMON MINERVA 1 LITRO    ,Almacén,3570.37,3.4,35,8,0
7613035067837,CAFE INSTANT.DOLCA SUAVE 170G. ,Infusiones,6807.41,4.83,34,15,0
7790380012139,CROCANTE DE MANI GEORGALOS 80G,Golosinas,713.57,8.1,34,14,1
7790070411518,REBOZADOR PREFERIDO HORNO 500G,Almacén,1422.22,0.91,35,18,0
7794000596924,SOPA KNORR N.R.CREMA ZAPALLO 70G.,Almacén,1696.3,7.41,21,20,0
7794820015018,QUESO MILKAUT UNTABLE LIGHT TRAD190,Golosinas,2021.43,4.53,45,7,0
7790580309602,CARAMELOS MOGUL 1KG. ANILLOS ,Golosinas,9321.43,2.05,24,3,0
7790040534704,GALLETITAS ARCOR FORMIS 102G.VAI.CH,Almacén,948.15,5.66,23,12,0
7622300724306,FIDEOS TERRABUSI 100A/OS MUNICIONES,Almacén,807.41,5.0,6,3,0
7790580956509,SALSA ARCOR D.PACK FILETTO 340G.,Almacén,977.78,3.0,19,20,0
7793360674082,MAYONESA LA CAMPAGNOLA BC 1 LTS.,Almacén,3385.19,4.67,7,14,0
7891150025967,DOVE BABY JABON LIQUIDO 200CC.HUMEC,Higiene Corporal,4291.48,3.54,33,15,0
7790895000447,GASEOSA SPRITE 1.5 LITRO         ,Bebidas sin alcohol,2884.62,20.0,35,14,0
7790040991910,ALFAJOR BAGLEY B&N 3.0 BLANCO 73.5G,Golosinas,1221.43,6.16,43,7,0
7791290001152,DETERGENTE SINT.ALA R.FINA 450CCDOY,Limpieza,2533.33,8.47,9,17,0
77950031,CHOCOLATE COFLER BLOCK 110G. LECHE ,Golosinas,3185.71,1.41,6,12,0
7794820012567,YOGHURT MILKAUT 140G.ENT.COPOS VA,Golosinas,1750.0,9.83,13,20,0
7790380037774,PASAS DE UVA C/CHOCO.GEORGALOS 80G.,Golosinas,1839.29,-0.38,34,4,0
7790580626419,BIZCOCHUELO GODET VAINILLA 480GRS,Golosinas,2571.43,4.12,44,9,0
7791813420521,GASEOSA SEVEN UP 500 C.C.,Bebidas sin alcohol,684.62,5.97,8,6,0
7790079000638,LEBERWURST PALADINI FAMILIAR 250G,Helados,2307.14,5.2,37,16,0
7790580567101,TOMATE CUBETEADO ARCOR 400G.,Almacén,1281.48,2.94,15,2,1
7790060070589,BIZCOCHUELO EXQUISITA CHOC.540   ,Almacén,2785.19,3.98,15,8,0
7790070318350,FIDEOS LUCCHETTI MOÑOS 500 GRS.,Almacén,1562.96,3.27,24,11,0
7790070016881,ROCIO VEGETAL COCINERO OLIVA 120GRS,Almacén,3592.59,3.03,39,13,1
7790040111004,GALLETITAS BAGLEY CHOCOLINAS 250G,Galletas,1778.57,6.62,38,17,0
7790580666200,CHOCOLATE COFLER 100G. LECHE     ,Golosinas,2685.71,5.39,28,8,0
7795907312693,FIDEOS LUCCHETTI LETRITAS 500 GRS.,Almacén,970.37,2.77,33,18,1
7790580617103,CARAMELOS MOGUL 500G. GUSANITOS,Golosinas,5700.0,6.75,37,18,0
7790070320100,CAPELETINI LUCCHETTINIS MULTICOLOR ,Almacén,3133.33,5.27,12,14,0
7793360004988,MERMELADA CAMPAGNOLA BC ARANDANO 39,Almacén,4000.0,6.53,34,15,0
7891143018396,QUESO ADLER FETAS CHEDDAR 144G.,Golosinas,2900.0,6.07,13,6,0
7790580332716,CHOCOLATE COFLER AIR.100G. ALMEND. ,Golosinas,4521.43,2.43,6,11,0
7791249985915,POSTRE MANTECOL 250 GRS.,Golosinas,216.43,3.1,8,13,0
7793360674204,MAYONESA LA CAMPAGNOLA BC 250 CC,Almacén,962.96,6.37,29,1,0
7790580283506,TURRON ARCOR DE MANI 120 GR.,Golosinas,1492.86,6.03,28,6,0
7790070318374,FIDEOS LUCCHETTI AVE MARIA 500 GRS.,Almacén,970.37,4.45,13,9,0
7891150014534,SHAMPOO CLEAR MEN 400CC DUAL EFFECT,Cuidado Capilar,6786.26,4.79,42,8,0
7792860007796,CARAMELOS LHERITIER MASTIC.C/YOG670,Golosinas,4157.14,7.69,8,11,0
7792860008298,CARAMELOS LHERITIER BABY DOLL 500G.,Golosinas,3828.57,3.02,38,19,0
7793360000089,TOMATE NATURAL CAMPAGNOLA 240G.,Almacén,1259.26,5.87,33,9,0
7791293030913,ACONDICIONADOR SEDAL 340ML CREMA BA,Cuidado Capilar,3764.44,3.99,13,17,0
7793360000980,CHOCLO LA CAMPAGNOLA CREMOSO AM.300,Almacén,1622.22,3.96,39,12,1
7790310002995,MINI TOSTADITAS TWISTOS 40G. JAMON,Snacks,1407.14,7.25,40,14,0
7791293030708,ACONDICIONADOR SEDAL 190ML LISO PER,Cuidado Capilar,2520.3,6.56,37,15,0
7798115941228,FIDEOS ESTRELLA DEL PAR.PL LINGUINI,Almacén,659.26,6.53,29,16,0
7791293031200,ACONDICIONADOR SEDAL 650ML LISO PER,Cuidado Capilar,6045.19,7.76,19,20,0
7791290782754,SUAVIZANTE VIVERE FLORES SILV.900 C,Limpieza,2103.7,4.55,37,1,0
77934017,CHICLES BELDENT 10G. TUTTI FRUTTI ,Golosinas,607.14,20.0,48,10,0
7794000596573,SOPA KNORR N.R.QUICK CHOCLO 63G.,Almacén,2222.22,3.72,21,8,0
7790040377905,GALLETITAS BAGLEY CRIOLLITAS 499GRS,Galletas,2200.0,5.31,9,18,0
79400110695,DESODORANTE REXONA CL.FEM.STICK CLE,Higiene Corporal,9164.96,4.17,42,1,0
7798115940320,FIDEOS ESTRELLA DEL PAR.CODO MED500,Almacén,659.26,4.74,26,2,0
7790895000218,GASEOSA COCA COLA 2 LT.RETORNABLE,Bebidas sin alcohol,2769.23,5.99,19,1,0
7891150025929,DOVE BABY SHAMPOO 200CC.HUM.ENR.,Higiene Corporal,4851.37,2.45,36,1,0
7792860007574,CARAMELOS PICO DULCE FRUTA 450G,Golosinas,5278.57,9.73,23,9,0
7790580107369,CARAMELOS ARCOR BUT.TOF.AGUILA 822G,Golosinas,9014.29,1.98,12,13,0
7790895064142,GASEOSA SPRITE ZERO 500 C.C.,Bebidas sin alcohol,1246.15,1.46,15,1,0
7794600000333,FIDEOS DON FELIPE TIRABUZON 500G.,Almacén,1555.56,7.4,12,13,0
7790040437807,BUDIN ARCOR C/FRUTAS 215G.,Almacén,2218.52,6.48,38,20,0
7891150008953,SHAMPOO DOVE 200ML RECONS.COMPLE,Higiene Corporal,3674.04,6.06,28,7,0
7793360984808,CHOCLO LA CAMPAGNOLA ENTERO AMA.195,Almacén,1800.0,6.07,26,2,0
7790040374607,GALLETITAS SALADIX DUO JAM.QUE.80GR,Snacks,1128.57,4.47,24,6,0
7797453971119,ALIMENTO WHISKAS GATITOS CAR./LE500,Mascotas,2933.33,2.26,24,7,1
7790580104979,HELADO ARCOR POSTRE AGUILA 637G.,Helados,10392.86,4.69,41,14,0
7898422746032,CREMA P/PEINAR SEDAL 300ML RIZOS ,Cuidado Capilar,4040.52,2.81,34,18,0
100355,FIAMBRE PARA EMPAREDADO FELA KG.,Helados,5564.29,6.94,23,15,0
7791293031798,ACONDICIONADOR SEDAL 300ML DP REST.,Cuidado Capilar,2575.48,4.13,7,2,0
7790895006715,GASEOSA SCHWEPPES TONICA 1.5,Bebidas sin alcohol,2884.62,2.44,6,10,0
7798031154429,FIDEOS KNORR SPAGHETTINI 500G.,Almacén,1592.59,3.7,10,12,0
7791293022567,DESODORANTE REXONA MEN 89G.V8,Higiene Corporal,3313.22,5.53,25,17,0
7790352000171,PAN LACTAL HAMBURGUESAS 4 UNID.,Almacén,1970.37,3.09,16,8,0
7791293010878,SHAMPOO SEDAL 650ML RIZOS DEFINIDOS,Cuidado Capilar,6045.19,2.44,47,11,0
7790580332617,CHOCOLATE COFLER AIR.55G. ALMENDRA,Golosinas,2635.71,5.11,7,3,0
7790895000782,GASEOSA COCA COLA 500 CC.        ,Bebidas sin alcohol,1246.15,5.11,8,6,0
7794820014967,QUESO MILKAUT UNTABLE TRADICIO. 190,Golosinas,2021.43,3.23,28,9,0
8000500020012,HUEVO KINDER G.SORPRESA ELLOS 150G.,Golosinas,14214.29,3.32,17,6,0
7790895006036,BEBIDA POWERADE 995ML MANZANA,Bebidas sin alcohol,2538.46,5.08,25,9,0
7790580033507,CHOCOLATE COFLER 55G. ALMENDRAS ,Golosinas,2350.0,0.88,10,7,0
7798115940337,FIDEOS ESTRELLA DEL PAR.FUSILLI 500,Almacén,659.26,0.98,42,9,0
77905529,JUGO DE LIMON MINERVA 250CC,Almacén,1177.78,2.7,43,18,0
7891150014336,SHAMPOO CLEAR MEN 200CC CAIDA CONTR,Cuidado Capilar,3963.89,3.97,35,12,0
7791813421412,GASEOSA PASO LOS TOROS POMELO S/AZ,Bebidas sin alcohol,1346.15,5.28,14,8,0
7793360987106,GARBANZOS LA CAMPAGNOLA 195G.,Almacén,1414.81,8.19,39,8,0
7891150008816,ACONDICIONADOR DOVE 200ML RECONSTRU,Higiene Corporal,3674.04,6.64,40,18,0
7790895641206,AGUA SAB.AQUARIUS 500CC.UVA,Bebidas sin alcohol,1300.0,4.1,27,20,0
7790580538903,GALLETITAS ARCOR TORTITAS BLACK 125,Almacén,1096.3,4.45,29,15,0
7794820015261,LECHE UAT MILKAUT DESCREMADA 1 LT,Golosinas,1864.29,1.99,22,7,1
7794000401372,MAYONESA HELLMANNS 1000 CC,Almacén,4014.81,20.0,15,11,0
7791293021812,ACONDICIONADOR SEDAL 300ML DP CREMA,Cuidado Capilar,2575.48,3.78,35,20,0
7798039870079,ALIMENTO A BASE DE QUESO REGGIO 120,Almacén,1014.81,5.31,28,16,0
7791290007987,SUAVIZANTE COMFORT CLASSIC 900 CC,Limpieza,3109.63,2.43,37,4,0
7793360927805,SALSATI LA CAMPAGNOLA PIZZA DP340G,Almacén,1177.78,5.8,22,6,0
7790070218216,ACEITE DE OLIVA COCINERO E.VIRGEN50,Almacén,8385.19,20.0,22,3,1
7791813423157,GASEOSA MIRINDA NARANJA 2.250 L.,Bebidas sin alcohol,961.54,4.23,19,9,1
7790040008175,GALLETITAS BAGLEY OPERA 220 G.   ,Galletas,1957.14,5.5,14,10,0
7798031154436,FIDEOS KNORR FETTUCCINI 500G.,Almacén,1592.59,6.23,45,14,0
7798031154443,FIDEOS CICA TALLARINES 500G.,Almacén,844.44,3.5,7,11,0
7790580106379,JUGO ARCOR CAJA 18U. MANZANA,Bebidas sin alcohol,4923.08,5.06,30,18,0
7622300724542,FIDEOS DON FELIPE SPAGHETTI 500G.,Almacén,1555.56,4.53,44,12,0
7790580956707,SALSA ARCOR D.PACK PIZZA 340G.,Almacén,977.78,4.74,14,12,0
7501056326043,CREMA PONDS REJUVENESS 100 GRS,Higiene Corporal,4608.96,2.57,27,13,0
7791293031231,ACONDICIONADOR SEDAL 650ML REST.INS,Cuidado Capilar,6045.19,4.56,48,13,1
7790580511708,MERMELADA ARCOR LIGHT FRUT. 390GRS,Almacén,3562.96,20.0,9,19,0
7613034195241,DOLCA MIX DP.125G. CAPPUCCINO,Infusiones,2829.63,8.13,31,19,0
7790580402808,ALIMENTO CHOCOLATE ARCOA 180 G   ,Golosinas,1271.43,6.9,34,14,0
7790040534407,GALLETITAS ARCOR FORMIS CHOCO.72GRS,Almacén,600.0,20.0,39,4,0
7791293020297,DESODORANTE AXE SECO APOLLO 88G,Higiene Corporal,3181.41,2.58,28,13,0
7790895640476,"AGUA SAB.AQUARIUS 1,500CC.PERA",Bebidas sin alcohol,1840.0,6.68,42,8,0
7792798007493,CERVEZA BRAHMA 1L.,Bebidas con alcohol,2969.23,20.0,16,19,0
75031060,DESODORANTE DOVE STICK MEN CUID.TOT,Higiene Corporal,4832.48,9.97,11,12,0
7794000596931,SOPA KNORR N.R.CREMA CHOCLO 70G.,Almacén,1696.3,2.48,23,18,0
7790040704909,GALLETITAS ARCOR SERRANAS SAND.336G,Almacén,1333.33,2.4,26,6,0
7790040720206,GALLETITAS ARCOR MANA C/LECHE 136G.,Almacén,874.07,3.0,47,18,0
7790407031013,CHOCOLATE AGUILA 100G. FAMILIAR ,Golosinas,4092.86,-0.81,41,19,0
6000001168000,POLLO CARCASA KG.,Helados,1114.29,3.19,46,5,0
7790580111229,HELADO ARCOR CHOCOTORTA 637G.,Helados,10392.86,2.6,43,9,0
77949059,CHOCOLATE COFLER AIR.BCO./LECHE 27G,Golosinas,1357.14,4.88,39,3,0
6000001021930,POLLO PATA MUSLO KG.,Helados,4764.29,5.35,22,10,0
7790040110373,JUGO LA CAMPAGNOLA BC 500ML MULTIFR,Almacén,859.26,9.19,42,19,0
7791813423324,GASEOSA MIRINDA MANZANA 2.250 LTS.,Bebidas sin alcohol,961.54,20.0,30,3,0
7791290013575,SUAVIZANTE COMFORT 3L. DP.,Limpieza,9851.85,3.06,43,15,0
7790070408532,POSTRE EXQUISITA VAINILLA 80G.,Almacén,725.93,2.25,17,1,0
7790070936516,ARLISTAN INSTANTANEO 50G.,Infusiones,1948.15,5.73,28,7,1
7791293031996,JABON TOCADOR REXONA 3X125G. BAMBOO,Higiene Corporal,2770.74,1.2,47,12,0
77934024,CHICLES BELDENT 10G. MENTOL ,Golosinas,607.14,9.08,27,17,0
7790895002304,GASEOSA FANTA NARANJA ZERO 1.5LTS.,Bebidas sin alcohol,2884.62,20.0,26,20,0
7792798012923,CERVEZA QUILMES CLASICA 473ML,Bebidas con alcohol,1565.38,3.33,32,5,0
7798115940405,FIDEOS ESTRELLA DEL PAR.TIRABUZO500,Almacén,659.26,0.22,36,4,0
7790407490704,CHOCOLATE COFLER AIR.55G. LECHE ,Golosinas,2635.71,7.88,11,12,0
7790580454210,HELADO ARCOR 3 CREMAS CH/V/D. 1KG,Helados,11421.43,4.21,32,20,0
7790040534308,GALLETITAS ARCOR FORMIS D.LECHE 72G,Almacén,600.0,7.59,45,18,0
7790040946309,GALLETITAS BAGLEY CRIOLLITAS S/S169,Galletas,757.14,0.51,39,17,0
6000001364211,SALCHICHON PALADINI C/JAMON KG.,Helados,8750.0,3.0,17,19,0
7791293017556,JABON TOCADOR REXONA 125G SENSIBLE ,Higiene Corporal,1036.67,4.51,12,9,0
7792860003033,CARAMELOS PICO DULCE 150 GRS.,Golosinas,1785.71,4.62,15,4,0
7790580112400,HELADO ARCOR GELATO 450CC COFLER DU,Helados,5678.57,3.37,22,2,1
7791445053005,YERBA CRUZ DE MALTA BOLDO MENTA 500,Infusiones,1600.0,6.06,31,4,0
7501056332075,CREMA PONDS REJUVENESS NOCHE 100GRS,Higiene Corporal,4617.19,20.0,26,2,0
7790895006722,GASEOSA SCHWEPPES CITRUS 1.5 LT.,Bebidas sin alcohol,2884.62,4.14,33,15,0
7793360004100,MERMELADA CAMPAGNOLA CIRUELA 454 GR,Almacén,2940.74,20.0,7,2,0
7790060070565,BIZCOCHUELO EXQUISITA NAR.540G   ,Almacén,2296.3,5.79,48,4,0
7791293021782,SHAMPOO SEDAL 650ML CERAMIDAS ,Cuidado Capilar,6045.19,6.28,6,6,0
7791880000459,ARROZ GALLO ORO DOBLE 1 KG,Almacén,2355.56,1.69,41,7,0
7613035379213,CAFE DESCAFEINADO NESCAFE 100G.,Golosinas,10821.43,0.66,31,10,0
7790895005374,GASEOSA COCA COLA 1.250 LT.RETORNAB,Bebidas sin alcohol,2153.85,7.69,34,19,0
7794000596498,SOPA KNORR N.R.QUICK ZAPALLO  63G.,Almacén,2222.22,5.33,26,19,0
7794000597518,CALDOS KNORR 12U VERDURA,Almacén,1481.48,2.63,16,12,0
7613034612687,LECHE POLVO NIDO 3 800G.,Almacén,12629.63,8.38,45,3,0
7790580107475,CARAMELOS MOGUL 500G.FRUT/CREMA,Golosinas,5700.0,4.79,16,13,0
7793522000124,GALLETITAS VALENTE VAINILLA 148 G.,Almacén,1200.0,7.45,41,18,0
7791293021867,SHAMPOO SEDAL 300ML DP SOS CREMA BA,Cuidado Capilar,2575.48,4.67,44,8,0
7792860000452,CHUPETIN PELOTITAS 50UNID (45),Golosinas,2764.29,9.65,45,15,0
7790895010088,"GASEOSA SCHWEPPES POMELO ZERO 1,5L.",Bebidas sin alcohol,2884.62,8.89,40,1,0
7790040991606,TOSTADAS CRIOLLITAS CLASICAS 195G.,Galletas,1371.43,3.88,39,3,0
7790070016010,GELATINA EXQUISITA LIGHT DURAZNO 25,Almacén,740.74,6.93,29,8,0
7794000960091,MAYONESA HELLMANNS 500 CC,Almacén,2074.07,6.11,27,4,0
7791293004976,ACONDICIONADOR DOVE 400ML RECONSTR,Higiene Corporal,6248.07,7.92,10,16,0
7791290000674,LAVAVAJILLAS ALA ULTRA 300CC.LIMON,Limpieza,1311.11,2.09,38,10,0
7790895641237,"AGUA SAB.AQUARIUS 1,500CC.NARANJA",Bebidas sin alcohol,1840.0,6.22,41,12,0
77905277,CARAMELOS HALLS MIEL C/LIMON 28G,Golosinas,635.71,7.15,25,14,0
7791293022635,DESODORANTE REXONA MEN 89G.INVISIBL,Higiene Corporal,3313.22,0.1,24,14,0
7798115940375,FIDEOS ESTRELLA DEL PAR.MACARRON500,Almacén,659.26,1.54,40,2,0
7790156000193,LECHE DE SOJA ADES DURAZNO 1 L   ,Bebidas sin alcohol,2500.0,-0.6,48,5,0
7794820000595,MANTECA MILKAUT 100 GRS.,Golosinas,1621.43,3.83,22,5,0
7790040566002,GALLETITAS ARCOR HOGARE/AS SESA.167,Almacén,1096.3,6.29,48,6,0
7797453971751,ALIMENTO WHISKAS LATA POLLO 340G.,Mascotas,2985.19,8.26,39,13,0
7861002900117,BOMBONES FERRERO ROCHER 8 UND.,Golosinas,10192.86,4.69,14,9,0
7790079010828,SALCHICHAS PALADINI 6 UN.        ,Helados,1985.71,8.57,31,15,0
7791293010892,SHAMPOO SEDAL 650ML LISO PERFECTO,Cuidado Capilar,6045.19,1.05,7,14,0
7791293031927,JABON TOCADOR REXONA 120G SENSIBLE ,Higiene Corporal,1036.67,0.24,14,7,0
7791290001169,DETERGENTE SINT.ALA R.FINA M.450DOY,Limpieza,2533.33,4.36,14,20,0
7791293030807,SHAMPOO SEDAL 340ML CREMA BALANCE,Cuidado Capilar,3764.44,5.46,45,2,0
7798115940122,FIDEOS ESTRELLA DEL PAR.CINTA ARTES,Almacén,1000.0,4.42,22,7,0
7790895067532,GASEOSA COCA COLA ZERO 500 CC,Bebidas sin alcohol,1246.15,-0.67,6,6,0
7790580262402,CARAMELOS MOGUL 500G. MORAS ,Golosinas,5700.0,4.28,30,17,0
7791813424017,GASEOSA SEVEN UP 3 LTS.,Bebidas sin alcohol,1230.77,1.24,48,2,0
7790895000829,GASEOSA SPRITE 500 CC.           ,Bebidas sin alcohol,1246.15,6.17,45,3,1
7891150035874,DOVE BABY JABON LIQUIDO 180CC.DP.HU,Higiene Corporal,3007.89,5.42,47,5,0
7791564013355,QUESO ADLER GRUYERE 100 G.,Golosinas,2057.14,2.15,30,5,0
7798141510856,FILET DE BOGA DESPINADA EPUYEN 1KG.,Helados,2985.71,3.22,44,1,0
7790070411525,REBOZADOR PREFERIDO HORNO 1 KG.,Almacén,2718.52,1.85,40,8,0
7790895640490,"AGUA SAB.AQUARIUS 1,500CC.POMELO",Bebidas sin alcohol,1840.0,20.0,8,12,1
7790580240714,CARAMELOS ARCOR BUT.TOF.REL.D.LE810,Golosinas,6778.57,6.89,42,4,0
7791813421382,GASEOSA PASO LOS TOROS POMELO 1.5LT,Bebidas sin alcohol,1346.15,2.04,35,13,0
7790895001031,GASEOSA FANTA LIMON 2.250 LTS.,Bebidas sin alcohol,3846.15,5.76,43,15,0
7798115941204,FIDEOS ESTRELLA DEL PAR.PL TALLARIN,Almacén,659.26,3.17,39,11,0
77953124,CHOCOLATE COFLER BLOCK 38G. C/MANI ,Golosinas,1271.43,2.52,17,10,1
7790070318602,FIDEOS MATARAZZO TIRABUZON Nº28 5  ,Almacén,1200.0,4.23,24,3,1
7791293031934,JABON TOCADOR REXONA 125G BAMBOO FR,Higiene Corporal,1036.67,1.91,42,14,0
7790580309206,CARAMELOS MOGUL 1KG. EUCALIPTUS,Golosinas,9321.43,3.12,22,16,0
7790580111496,HELADO ARCOR ALMENDRADO 675G.,Helados,10392.86,1.51,15,10,0
7791293005027,SHAMPOO DOVE 400ML HIDRATACION,Higiene Corporal,6248.07,9.41,17,10,0
7613035495746,LECHE CHOCOLATADA NESQUIK 200ML.ORI,Almacén,962.96,4.59,21,12,0
7790895000836,GASEOSA FANTA NARANJA 500 C.C.,Bebidas sin alcohol,1246.15,2.75,29,9,0
7790895064166,GASEOSA SPRITE ZERO 2.250L,Bebidas sin alcohol,3846.15,5.03,24,1,0
7790580108489,RELLENO UNTABLE BON O BON 290G.,Golosinas,4057.14,4.22,13,5,0
7790580308100,CARAMELOS MOGUL 1KG. JELLY BUTT.,Golosinas,9321.43,3.95,36,20,1
7790580511302,MERMELADA ARCOR LIGHT DURAZ. 390GRS,Almacén,2681.48,6.04,26,8,0
7790070320032,FIDEOS MATARAZZO MUNICIONES 500GRS,Almacén,1200.0,6.39,22,11,0
7791293031941,JABON TOCADOR REXONA 120G COTTON FR,Higiene Corporal,1036.67,3.17,28,12,0
7798031154245,FIDEOS KNORR TRICOLOR TIRABUZON 500,Almacén,1592.59,3.06,42,1,0
7791290002050,LIMPIADOR CIF PISOS OXI GEL 2L,Limpieza,8814.81,3.81,21,20,0
7790070317469,CAPELETINI LUCCHETTINIS ESP.YQUESO ,Almacén,3133.33,-1.25,11,11,1
6000001183782,POLLO FILET PECHUGA KG,Helados,7700.0,0.71,13,5,0
7790070411358,BIZCOCHOS DE ARROZ GALLO DULCES 100,Golosinas,1278.57,7.92,30,15,0
7792860005358,CARAMELOS LHERITIER MASTICA.DON.670,Golosinas,3742.86,8.61,23,5,0
7791293032481,DESODORANTE REXONA 87G.INVISIBLE,Higiene Corporal,3313.19,3.88,30,12,0
7790040003569,GALLETITAS BAGLEY REX ORIGINAL 75GR,Galletas,964.29,5.94,17,5,0
7791293032023,JABON TOCADOR REXONA 3X125G. ORCHID,Higiene Corporal,2770.74,5.28,20,17,0
7793360103025,KETCHUP LA CAMPAGNOLA DP.250G. HOT,Almacén,1325.93,12.2,31,17,0
7790070411365,BIZCOCHOS DE ARROZ GALLO SALADOS 10,Golosinas,1278.57,7.3,46,12,0
7790040720305,GALLETITAS ARCOR MANA LIMON 136GRS,Almacén,874.07,4.18,31,15,0
7798031154252,FIDEOS KNORR TRICOLOR MOSTACHOL 500,Almacén,1592.59,2.11,37,15,0
7790580504601,DULCE MEMBRILLO ARCOR 500G ESTUCHE,Almacén,1955.56,0.48,15,6,0
7798115940078,FIDEOS ESTRELLA DEL PAR.C.ANGEL 500,Almacén,1000.0,5.01,21,12,0
7791293022536,DESODORANTE REXONA MEN 89G.SENSITIV,Higiene Corporal,3313.22,2.61,12,20,0
7790580697303,GALLETITAS SALADIX PIZZA 100 G   ,Snacks,1128.57,0.94,22,18,0
7790070320117,CAPELETINI LUCCHETTINIS CARNE 500G.,Almacén,3133.33,2.88,28,14,0
7790580665609,CHOCOLATE COFLER 55G. LECHE ,Golosinas,2350.0,1.8,31,2,0
7792860001213,CHUPETIN LHERITIER CHUPETONCITO 12U,Golosinas,6114.29,8.72,26,9,0
7790895000225,GASEOSA SPRITE 2 LT.RETORNABLE,Bebidas sin alcohol,2769.23,6.7,27,5,0
7798031154115,FIDEOS KNORR TIRABUZON 500G.,Almacén,1074.07,20.0,12,20,0
79400301161,DESODORANTE REXONA CL.FEM.STICK EDR,Higiene Corporal,9164.96,20.0,19,1,0
7790895006951,GASEOSA CRUSH NARANJA 2.250 LTS.,Bebidas sin alcohol,2153.85,4.69,20,3,0
7790580103743,CHOCOLATE COFLER BLOCK 300G C/MANI ,Golosinas,9328.57,2.35,12,6,0
7793360004452,MERMELADA CAMPAGNOLA NARANJAS 454,Almacén,2940.74,8.31,14,5,0
7791293030845,SHAMPOO SEDAL 340ML LISO PERFECTO,Cuidado Capilar,3764.44,20.0,13,5,0
7790580980009,CHOCLO ARCOR ENTERO AMARILLO 205G.,Almacén,1503.7,1.91,28,1,0
7790070411549,REBOZADOR PREFERIDO 500 GRS.,Almacén,1229.63,4.02,34,17,0
7793360927508,SALSATI LA CAMPAGNOLA POMAROLA DP 3,Almacén,1177.78,2.31,23,19,0
7501059273252,CAPSULAS DOLCE GUSTO ESPRESSO 10U.,Infusiones,7170.37,1.04,36,14,0
